id,title,score,num_comments,author,created_utc,url,over_18,edited,spoiler,stickied
1gy5ny4,Stripe Data Tech Stack,106,20,mjfnd,2024-11-23 18:02:22,https://www.junaideffendi.com/p/stripe-data-tech-stack?r=cqjft&utm_campaign=post&utm_medium=web,False,False,False,False
1gyf9o6,Data Stack - Where Itâ€™s Headed?,23,8,levsell,2024-11-24 01:19:17,https://www.reddit.com/r/dataengineering/comments/1gyf9o6/data_stack_where_its_headed/,False,False,False,False
1gyf53h,DuckDB Memory Issues and PostgreSQL Migration Advice Needed,14,41,Pretend_Bite1501,2024-11-24 01:12:49,https://www.reddit.com/r/dataengineering/comments/1gyf53h/duckdb_memory_issues_and_postgresql_migration/,False,False,False,False
1gym1x5,New data engineer any tips ?,11,19,Direct_Boat_2220,2024-11-24 08:08:25,https://www.reddit.com/r/dataengineering/comments/1gym1x5/new_data_engineer_any_tips/,False,False,False,False
1gy3lpw,Your opinion on entertaining educational content.,8,5,ninja-con-gafas,2024-11-23 16:32:50,https://youtube.com/playlist?list=PL6ptAl65gAarF_bRAyowodY4lqxOJFksn,False,False,False,False
1gyoe2n,Is there a use of a service that can convert unstructured notes to structured data?,6,3,Intelligent_Low_5964,2024-11-24 10:52:36,https://www.reddit.com/r/dataengineering/comments/1gyoe2n/is_there_a_use_of_a_service_that_can_convert/,False,False,False,False
1gy9ijc,Daily tasks,6,4,alvivan_,2024-11-23 20:50:59,https://www.reddit.com/r/dataengineering/comments/1gy9ijc/daily_tasks/,False,False,False,False
1gymwoc,Looking for a migration tool,6,13,opascal,2024-11-24 09:11:06,https://www.reddit.com/r/dataengineering/comments/1gymwoc/looking_for_a_migration_tool/,False,False,False,False
1gybmcg,Improving my current Data Pipeline,4,1,Massive_Yard_5010,2024-11-23 22:25:18,https://www.reddit.com/r/dataengineering/comments/1gybmcg/improving_my_current_data_pipeline/,False,False,False,False
1gysbly,I heard DE Masters are a thing. Are there PhD too?,5,9,davf135,2024-11-24 14:36:02,https://www.reddit.com/r/dataengineering/comments/1gysbly/i_heard_de_masters_are_a_thing_are_there_phd_too/,False,False,False,False
1gyfidr,Database logic model question,3,2,_barros_24,2024-11-24 01:31:47,https://www.reddit.com/r/dataengineering/comments/1gyfidr/database_logic_model_question/,False,False,False,False
1gypdnr,Use BigQuery as Data Lake for pure CSV/TSV/JSON files?,3,3,scchess,2024-11-24 11:57:41,https://www.reddit.com/r/dataengineering/comments/1gypdnr/use_bigquery_as_data_lake_for_pure_csvtsvjson/,False,False,False,False
1gy52eg,How do I dynamically account for list in API pipeline? ,2,2,Evening-Mousse-1812,2024-11-23 17:36:26,https://www.reddit.com/r/dataengineering/comments/1gy52eg/how_do_i_dynamically_account_for_list_in_api/,False,False,False,False
1gyqjos,Resources for Data project management,1,2,_SanD_,2024-11-24 13:06:49,https://www.reddit.com/r/dataengineering/comments/1gyqjos/resources_for_data_project_management/,False,False,False,False
1gyc3xj,Why is spark written in Java?,0,49,kritap55,2024-11-23 22:47:43,https://www.reddit.com/r/dataengineering/comments/1gyc3xj/why_is_spark_written_in_java/,False,False,False,False
1gy72tt,Is this a genuine Airbyte website? ,0,2,visionaryperception,2024-11-23 19:03:11,https://i.redd.it/3bscfoim8p2e1.jpeg,False,False,False,False
